title,ingredients,instructions,cook_time,servings,source,url
Algerian Kefta (Meatballs),1 lb Ground Beef | 4 Cloves Crushed Garlic | 1/2 cup Onion | To taste Salt | To taste Pepper | 3 Plum Tomatoes | 1 tsp Parsley | 1/2 cup Water,"Combine ground beef with 1/2 of the minced garlic and 1 tablespoon chopped onion in a large bowl. Mix with your hands until fully incorporated. Shape meat mixture into 1 1/2-inch oblong patties; you should have 12 to 14 meatballs. Heat a large skillet over medium-high heat. Brown patties in batches in the hot skillet until crispy on both sides and no longer pink in the center, about 10 minutes. Set meatballs aside in a rimmed serving dish. Reduce heat to medium and stir remaining chopped o",N/A,N/A,TheMealDB,https://www.themealdb.com/images/media/meals/8rfd4q1764112993.jpg
Arepa Pabellón,2 Corn Arepa Filled With Mozarella Cheese | 1 Fried Ripe Bananas | 1 Can Black Beans | 1 Pico De Gallo Sauce | 2kg Shredded Meat | 1 chopped Tomato | Pinch Salt | Pinch Pepper,"Prepare the meat in a skillet and add salt and pepper to taste, heat the beans over medium heat in a pan, fry or grill the ripe plantains as indicated on its package and cut the tomato into small cubes. Reserve these ingredients until filling. Preheat the grill or pan and grill the arepa, putting it once on each side until they are golden brown. With the help of a knife, open it by the edge through the middle, creating a space to fill it with the ripe plantain, the beans, meat and chopped to",N/A,N/A,TheMealDB,https://www.themealdb.com/images/media/meals/13fg4j1764441982.jpg
Arepa pelua,500g Beef | 1 Onion | 1 Red Pepper | 2 cloves Garlic | 1 tsp Cumin | 1 tsp Oregano | 1 tsp Paprika | 1 L Beef Stock | 2 1/2 cups Water | Pinch Salt | 200g Cheese | Pinch Extra Virgin Olive Oil,"Cook the meat: Place the flank steak in a pot with broth or water and salt. Cook over low heat for about 2 hours, until tender and easy to shred. Shred the meat: Once cooked, drain and shred the meat using two forks. Prepare the vegetables: Sauté chopped onion, bell pepper, and garlic in a little oil. Add cumin, oregano, paprika, and salt. Stir in the meat and cook for a few minutes until the flavors are well combined. Make the dough: In a bowl, mix the cornmeal with warm water and salt until",N/A,N/A,TheMealDB,https://www.themealdb.com/images/media/meals/jgl9qq1764437635.jpg
Asado,2kg Mixed Beef Cuts | 4 Chorizo | 2 Morcilla | To taste Salt,"Prepare the Fire: Start a wood fire in your grill and let it burn down to coals. Season the Meat: Generously salt the beef cuts. Grill the Meat: Place the beef on the grill, starting with the thickest cuts farthest from the coals. Add chorizo and morcilla after the beef has been cooking for a while. Cook to Perfection: Cook the meat, turning occasionally, until it reaches your desired doneness. Typically, ribs may take up to 2 hours; thinner cuts will cook faster. Rest and Serve: Let the mea",N/A,N/A,TheMealDB,https://www.themealdb.com/images/media/meals/kgfh3q1763075438.jpg
Aussie Burgers,500g Lean Minced Steak | 100g Cooked Beetroot | 2 small Naan Bread | 50g Rocket | 4 tablespoons Soured cream and chive dip,step 1 Make the burgers: Tip the meat into a bowl and sprinkle over 1 tsp salt and a good grinding of black pepper.Work with wet hands to mix in the seasoning. Divide into four with your hands and shape into burgers. (It can be frozen at this stage.) step 2 Sort out your ingredients: Slice the beetroot and split the naan breads. step 3 Toast the naans: Heat a griddle pan or barbecue. Griddle the naans on both sides until lightly toasted and set aside. Add the burgers to the grill or bar,N/A,N/A,TheMealDB,https://www.themealdb.com/images/media/meals/44bzep1761848278.jpg
Beef and Broccoli Stir-Fry,1 tsp Soy Sauce | 1 tsp Dry sherry | 1/2 tsp Cornstarch | 1/8 teaspoon Black Pepper | 1 lb Sirloin steak | 2 tablespoons Oyster Sauce | 1 tsp Dry sherry | 1 tablespoon Soy Sauce | 1/4 cup Chicken Stock | 1 lb Broccoli | 2 tablespoons High Heat Cooking Oil | 2 cloves minced Garlic | 1 tsp Cornstarch | 1 tablespoon Water,"Marinate the beef: Stir together the beef marinade ingredients (1 teaspoon soy sauce, 1 teaspoon Chinese rice wine, 1/2 teaspoon cornstarch, 1/8 teaspoon black pepper) in a medium bowl. Add the beef slices and stir until coated. Let stand for 10 minutes. Prepare the sauce: Stir together the sauce ingredients (2 tablespoons oyster sauce, 1 teaspoon Chinese rice wine, 1 teaspoon soy sauce, 1/4 cup chicken broth) in a small bowl. Set aside. Blanch or steam the broccoli: Bring a pot of w",N/A,N/A,TheMealDB,https://www.themealdb.com/images/media/meals/m0p0j81765568742.jpg
Beef and Mustard Pie,1kg Beef | 2 tbs Plain Flour | 2 tbs Rapeseed Oil | 200ml Red Wine | 400ml Beef Stock | 1 finely sliced Onion | 2 chopped Carrots | 3 sprigs Thyme | 2 tbs Mustard | 2 free-range Egg Yolks | 400g Puff Pastry | 300g Green Beans | 25g Butter | pinch Salt | pinch Pepper,"Preheat the oven to 150C/300F/Gas 2. Toss the beef and flour together in a bowl with some salt and black pepper. Heat a large casserole until hot, add half of the rapeseed oil and enough of the beef to just cover the bottom of the casserole. Fry until browned on each side, then remove and set aside. Repeat with the remaining oil and beef. Return the beef to the pan, add the wine and cook until the volume of liquid has reduced by half, then add the stock, onion, carrots, thyme and mustard, an",N/A,N/A,TheMealDB,https://www.themealdb.com/images/media/meals/sytuqu1511553755.jpg
Beef and Oyster pie,900g Beef | 3 tbs Olive Oil | 3 Shallots | 2 cloves minced Garlic | 125g Bacon | 1 tbs chopped Thyme | 2 Bay Leaf | 330ml Stout | 400ml Beef Stock | 2 tbs Corn Flour | 8 Oysters | 400g Plain Flour | pinch Salt | 250g Butter | To Glaze Eggs,"Season the beef cubes with salt and black pepper. Heat a tablespoon of oil in the frying pan and fry the meat over a high heat. Do this in three batches so that you don’t overcrowd the pan, transferring the meat to a large flameproof casserole dish once it is browned all over. Add extra oil if the pan seems dry. In the same pan, add another tablespoon of oil and cook the shallots for 4-5 minutes, then add the garlic and fry for 30 seconds. Add the bacon and fry until slightly browned. Transfer",N/A,N/A,TheMealDB,https://www.themealdb.com/images/media/meals/wrssvt1511556563.jpg
Beef Asado,1.5kg Beef | 1 Beef Stock Concentrate | 8 ounces Tomato Puree | 3 cups Water | 6 tablespoons Soy Sauce | 1 tbs White Wine Vinegar | 2 tbs Pepper | 4 Bay Leaf | 1/2 Lemon | 2 tbs Tomato Sauce | 3 tbs Butter | 1/2 cup Olive Oil | 1 chopped Onion | 4 cloves Garlic,"0. Combine beef, crushed peppercorn, soy sauce, vinegar, dried bay leaves, lemon, and tomato sauce. Mix well. Marinate beef for at least 30 minutes. 1. Put the marinated beef in a cooking pot along with remaining marinade. Add water. Let boil. 2. Add Knorr Beef Cube. Stir. Cover the pot and cook for 40 minutes in low heat. 3. Turn the beef over. Add tomato paste. Continue cooking until beef tenderizes. Set aside. 4. Heat oil in a pan. Fry the potato until it browns. Turn over and continue fr",N/A,N/A,TheMealDB,https://www.themealdb.com/images/media/meals/pkopc31683207947.jpg
"Beef Banh Mi Bowls with Sriracha Mayo, Carrot & Pickled Cucumber",White Rice | 1 Onion | 1 Lime | 3 Garlic Clove | 1 Cucumber | 3 oz Carrots | 1 lb Ground Beef | 2 oz Soy Sauce,"Add'l ingredients: mayonnaise, siracha 1 Place rice in a fine-mesh sieve and rinse until water runs clear. Add to a small pot with 1 cup water (2 cups for 4 servings) and a pinch of salt. Bring to a boil, then cover and reduce heat to low. Cook until rice is tender, 15 minutes. Keep covered off heat for at least 10 minutes or until ready to serve. 2 Meanwhile, wash and dry all produce. Peel and finely chop garlic. Zest and quarter lime (for 4 servings, zest 1 lime and quarter both).",N/A,N/A,TheMealDB,https://www.themealdb.com/images/media/meals/z0ageb1583189517.jpg
15-minute chicken & halloumi burgers,2 Chicken Breasts | 1 tbsp Oil | 4 tbsp Hotsauce | ½ Lemon Juice | 2 Buns | 250g Cheese | ¼ Cabbage | 2 tbsp Mayonnaise | 4 tbsp Sour Cream | 4 leaves Lettuce | 2 Red Pepper,"STEP 1 Put the chicken breasts between two pieces of baking parchment and use a rolling pin to gently bash them until they are approximately 1cm thick. Cut each chicken breast into two even pieces. STEP 2 If you're using a frying pan, heat two frying pans over medium-high heat, with one of them containing oil. Fry the chicken in the oiled pan for 3-4 mins on each side until they are cooked through. Season the chicken, reduce the heat, drizzle in the chilli sauce and half of the lemon ju",N/A,N/A,TheMealDB,https://www.themealdb.com/images/media/meals/vdwloy1713225718.jpg
Ayam Percik,6 Chicken Thighs | 16 Challots | 1 1/2 Ginger | 6 Garlic Clove | 8 Cayenne Pepper | 2 tbs Turmeric | 1 1/2 Cumin | 1 1/2 Coriander | 1 1/2 Fennel | 2 tbs Tamarind Paste | 1 can Coconut Milk | 1 tsp Sugar | 1 cup Water,"In a blender, add the ingredients for the spice paste and blend until smooth. Over medium heat, pour the spice paste in a skillet or pan and fry for 10 minutes until fragrant. Add water or oil 1 tablespoon at a time if the paste becomes too dry. Don't burn the paste. Lower the fire slightly if needed. Add the cloves, cardamom, tamarind pulp, coconut milk, water, sugar and salt. Turn the heat up and bring the mixture to boil. Turn the heat to medium low and simmer for 10 minutes. Stir occasiona",N/A,N/A,TheMealDB,https://www.themealdb.com/images/media/meals/020z181619788503.jpg
Brown Stew Chicken,1 whole Chicken | 1 chopped Tomato | 2 chopped Onions | 2 chopped Garlic Clove | 1 chopped Red Pepper | 1 chopped Carrots | 1 Lime | 2 tsp Thyme | 1 tsp Allspice | 2 tbs Soy Sauce | 2 tsp Cornstarch | 2 cups Coconut Milk | 1 tbs Vegetable Oil,"Squeeze lime over chicken and rub well. Drain off excess lime juice. Combine tomato, scallion, onion, garlic, pepper, thyme, pimento and soy sauce in a large bowl with the chicken pieces. Cover and marinate at least one hour. Heat oil in a dutch pot or large saucepan. Shake off the seasonings as you remove each piece of chicken from the marinade. Reserve the marinade for sauce. Lightly brown the chicken a few pieces at a time in very hot oil. Place browned chicken pieces on a plate to rest wh",N/A,N/A,TheMealDB,https://www.themealdb.com/images/media/meals/sypxpx1515365095.jpg
Chick-Fil-A Sandwich,1 Chicken Breast | 1/4 cup Pickle Juice | 1 Egg | 1/4 cup Milk | 1/2 cup Flour | 1 tbs Icing Sugar | 1/2 tsp Paprika | 1/2 tsp Salt | 1/4 tsp Black Pepper | 1/4 tsp Garlic Powder | 1/4 tsp Celery Salt | 1/2 tsp Cayenne Pepper | 1 cup Olive Oil | 1 Sesame Seed Burger Buns,"Wrap the chicken loosely between plastic wrap and pound gently with the flat side of a meat tenderizer until about 1/2 inch thick all around. Cut into two pieces, as even as possible. Marinate in the pickle juice for 30 minutes to one hour (add a teaspoon of Tabasco sauce now for a spicy sandwich). Beat the egg with the milk in a bowl. Combine the flour, sugar, and spices in another bowl. Dip the chicken pieces each into the egg on both sides, then coat in flour on both sides. Heat the oil",N/A,N/A,TheMealDB,https://www.themealdb.com/images/media/meals/sbx7n71587673021.jpg
Chicken & chorizo rice pot,1 tblsp Oil | 1 whole Chicken | 1 Large Chopped Onion | 1 chopped Red Pepper | 3 Cloves Crushed Garlic | 225g Chorizo | 1 tblsp Tomato Puree | 1 tablespoon chopped Thyme | 150ml White Wine | 800ml Chicken Stock | 400g Rice | 2 tbs chopped Parsley,"step 1 Heat the oil in a large flameproof casserole dish and brown the chicken pieces on all sides – you may have to do this in batches. Remove from the dish and put to one side. step 2 Lower the heat, add the onion and pepper, and gently cook for 10 mins until softened. Add the garlic and chorizo, and cook for a further 2 mins until the chorizo has released some of its oils into the dish. Stir in the tomato purée and cook for 1 min more. step 3 Return the chicken pieces to the dish alo",N/A,N/A,TheMealDB,https://www.themealdb.com/images/media/meals/fk80jp1763280767.jpg
Chicken & mushroom Hotpot,50g Butter | 1 chopped Onion | 100g Mushrooms | 40g Plain Flour | 1 Chicken Stock Cube | pinch Nutmeg | pinch Mustard Powder | 250g Chicken | 2 Handfuls Sweetcorn | 2 large Potatoes | 1 knob Butter,"Heat oven to 200C/180C fan/gas 6. Put the butter in a medium-size saucepan and place over a medium heat. Add the onion and leave to cook for 5 mins, stirring occasionally. Add the mushrooms to the saucepan with the onions. Once the onion and mushrooms are almost cooked, stir in the flour – this will make a thick paste called a roux. If you are using a stock cube, crumble the cube into the roux now and stir well. Put the roux over a low heat and stir continuously for 2 mins – this will cook th",N/A,N/A,TheMealDB,https://www.themealdb.com/images/media/meals/uuuspp1511297945.jpg
Chicken Alfredo Primavera,2 tablespoons Butter | 3 tablespoons Olive Oil | 5 boneless Chicken | 1 teaspoon Salt | 1 cut into 1/2-inch cubes Squash | 1 Head chopped Broccoli | 8-ounce sliced mushrooms | 1 red Pepper | 1 chopped onion | 3 cloves garlic | 1/2 teaspoon red pepper flakes | 1/2 cup white wine | 1/2 cup milk | 1/2 cup heavy cream | 1 cup grated Parmesan cheese | 16 ounces bowtie pasta | pinch Salt | pinch Pepper | chopped Parsley,"Heat 1 tablespoon of butter and 2 tablespoons of olive oil in a large skillet over medium-high heat. Season both sides of each chicken breast with seasoned salt and a pinch of pepper. Add the chicken to the skillet and cook for 5-7 minutes on each side, or until cooked through. While the chicken is cooking, bring a large pot of water to a boil. Season the boiling water with a few generous pinches of kosher salt. Add the pasta and give it a stir. Cook, stirring occasionally, until al dente, abou",N/A,N/A,TheMealDB,https://www.themealdb.com/images/media/meals/syqypv1486981727.jpg
Chicken Basquaise,1.5kg Chicken | 25g Butter | 6 tblsp Olive Oil | 2 sliced Red Onions | 3 Large Red Pepper | 130g Chorizo | 8 Sun-Dried Tomatoes | 6 cloves sliced Garlic | 300g Basmati Rice | drizzle Tomato Puree | ½ tsp Paprika | 4 Bay Leaves | Handful Thyme | 350ml Chicken Stock | 180g Dry White Wine | 2 Lemons | 100g Black Olives | to serve Salt | to serve Pepper,"Preheat the oven to 180°C/Gas mark 4. Have the chicken joints ready to cook. Heat the butter and 3 tbsp olive oil in a flameproof casserole or large frying pan. Brown the chicken pieces in batches on both sides, seasoning them with salt and pepper as you go. Don't crowd the pan - fry the chicken in small batches, removing the pieces to kitchen paper as they are done. Add a little more olive oil to the casserole and fry the onions over a medium heat for 10 minutes, stirring frequently, until s",N/A,N/A,TheMealDB,https://www.themealdb.com/images/media/meals/wruvqv1511880994.jpg
Chicken Congee,8 oz Chicken | pinch Salt | pinch Pepper | 1 tsp Ginger Cordial | 1 tsp Ginger | 1 tbs Spring Onions | 1/2 cup Rice | 8 cups Water | 2 oz Coriander,"STEP 1 - MARINATING THE CHICKEN In a bowl, add chicken, salt, white pepper, ginger juice and then mix it together well. Set the chicken aside. STEP 2 - RINSE THE WHITE RICE Rinse the rice in a metal bowl or pot a couple times and then drain the water. STEP 2 - BOILING THE WHITE RICE Next add 8 cups of water and then set the stove on high heat until it is boiling. Once rice porridge starts to boil, set the stove on low heat and then stir it once every 8-10 minutes for around 20-25 minutes.",N/A,N/A,TheMealDB,https://www.themealdb.com/images/media/meals/1529446352.jpg
Chicken Couscous,1 tbsp Olive Oil | 1 chopped Onion | 200g Chicken Breast | pinch Ginger | 2 tblsp Harissa Spice | 10 Dried Apricots | 220g Chickpeas | 200g Couscous | 200ml Chicken Stock | Handful Coriander,"Heat the olive oil in a large frying pan and cook the onion for 1-2 mins just until softened. Add the chicken and fry for 7-10 mins until cooked through and the onions have turned golden. Grate over the ginger, stir through the harissa to coat everything and cook for 1 min more. Tip in the apricots, chickpeas and couscous, then pour over the stock and stir once. Cover with a lid or tightly cover the pan with foil and leave for about 5 mins until the couscous has soaked up all the stock and is",N/A,N/A,TheMealDB,https://www.themealdb.com/images/media/meals/qxytrx1511304021.jpg
Æbleskiver,2 cups Flour | 1 teaspoon Salt | 2 tblsp Granulated Sugar | 1 teaspoon Baking Powder | 1/2 teaspoon Cardamom | 3 Egg | 2 cups Buttermilk | For Greasing Butter | Sprinkling Powdered Sugar | 1 scoop Raspberry Jam,"Whisk the flour, salt, sugar, baking soda, and cardamom together in a large bowl. ▢ Separate the eggs and add the egg yolks to the flour mixture. Pour in the buttermilk (or cultured milk) and whisk the batter together until smooth. Cover and refrigerate for about 30 minutes. ▢ Use a hand (or stand) mixer to beat the egg whites until stiff. Carefully fold into the æbleskiver batter. ▢ Heat the pan on medium heat. Once hot, brush the pan with butter and fill each æbleskive hole almost full w",N/A,N/A,TheMealDB,https://www.themealdb.com/images/media/meals/wkhg581762773124.jpg
Alfajores,300g All purpose flour | 200g Cornstarch | 200g Butter | 100g Sugar | 2 Egg Yolks | 1 teaspoon Lemon Zest | Dulce de leche | Sprinkling Desiccated Coconut,"Make the Dough: Cream butter and sugar. Add egg yolks and lemon zest. Gradually mix in flour and cornstarch to form a dough. Chill for 1 hour. Bake the Cookies: Roll out the dough, cut into circles, and bake at 180°C (350°F) for 12-15 minutes. Let cool. Assemble: Spread dulce de leche on one cookie, then sandwich with another. Roll the edges in coconut flakes. Pro Tips: Chill the dough before rolling it out to make it easier to handle and to prevent the cookies from spreading too much whil",N/A,N/A,TheMealDB,https://www.themealdb.com/images/media/meals/a4kgf21763075288.jpg
Anzac biscuits,85g Porridge oats | 85g Desiccated Coconut | 100g Plain Flour | 100g Caster Sugar | 100g Butter | 1 tblsp Golden Syrup | 1 teaspoon Bicarbonate Of Soda,"step 1 Heat oven to 180C/fan 160C/gas 4. Put the oats, coconut, flour and sugar in a bowl. Melt the butter in a small pan and stir in the golden syrup. Add the bicarbonate of soda to 2 tbsp boiling water, then stir into the golden syrup and butter mixture. step 2 Make a well in the middle of the dry ingredients and pour in the butter and golden syrup mixture. Stir gently to incorporate the dry ingredients. step 3 Put dessertspoonfuls of the mixture on to buttered baking sheets, about 2.",N/A,N/A,TheMealDB,https://www.themealdb.com/images/media/meals/q47rkb1762324620.jpg
Apam balik,200ml Milk | 60ml Oil | 2 Eggs | 1600g Flour | 3 tsp Baking Powder | 1/2 tsp Salt | 25g Unsalted Butter | 45g Sugar | 3 tbs Peanut Butter,"Mix milk, oil and egg together. Sift flour, baking powder and salt into the mixture. Stir well until all ingredients are combined evenly. Spread some batter onto the pan. Spread a thin layer of batter to the side of the pan. Cover the pan for 30-60 seconds until small air bubbles appear. Add butter, cream corn, crushed peanuts and sugar onto the pancake. Fold the pancake into half once the bottom surface is browned. Cut into wedges and best eaten when it is warm.",N/A,N/A,TheMealDB,https://www.themealdb.com/images/media/meals/adxcbq1619787919.jpg
Apple & Blackberry Crumble,120g Plain Flour | 60g Caster Sugar | 60g Butter | 300g Braeburn Apples | 30g Butter | 30g Demerara Sugar | 120g Blackberries | ¼ teaspoon Cinnamon | to serve Ice Cream,"Heat oven to 190C/170C fan/gas 5. Tip the flour and sugar into a large bowl. Add the butter, then rub into the flour using your fingertips to make a light breadcrumb texture. Do not overwork it or the crumble will become heavy. Sprinkle the mixture evenly over a baking sheet and bake for 15 mins or until lightly coloured. Meanwhile, for the compote, peel, core and cut the apples into 2cm dice. Put the butter and sugar in a medium saucepan and melt together over a medium heat. Cook for 3 mins un",N/A,N/A,TheMealDB,https://www.themealdb.com/images/media/meals/xvsurr1511719182.jpg
Apple cake,4 Eggs | 200g Sugar | 200g Self-raising Flour | 200g Melted Butter | 1 tsp Vanilla Extract | 1 tsp Ground Cinnamon | 3 Apples | Pinch Salt | Sprinkling Ground Sugar,"Preheat the oven to 180°C. (350˚F) Grease a cake pan and line it with baking paper. In a large bowl, break the four eggs with the sugar and beat until they have tripled in volume and become fluffy. Sift the self-rising baking flour and add it to your egg mixture. Fold this over, preserving as much air as possible. Add the melted (and slightly cooled) butter and mix until combined. Add cinnamon, pinch of salt and vanilla extract. Add the diced apple to the batter and gently fold them into the",N/A,N/A,TheMealDB,https://www.themealdb.com/images/media/meals/c0gmo31766594751.jpg
Apple Frangipan Tart,"175g/6oz digestive biscuits | 75g/3oz butter | 200g/7oz Bramley apples | 75g/3oz Salted Butter | 75g/3oz caster sugar | 2 free-range eggs, beaten | 75g/3oz ground almonds | 1 tsp almond extract | 50g/1¾oz flaked almonds","Preheat the oven to 200C/180C Fan/Gas 6. Put the biscuits in a large re-sealable freezer bag and bash with a rolling pin into fine crumbs. Melt the butter in a small pan, then add the biscuit crumbs and stir until coated with butter. Tip into the tart tin and, using the back of a spoon, press over the base and sides of the tin to give an even layer. Chill in the fridge while you make the filling. Cream together the butter and sugar until light and fluffy. You can do this in a food processor if",N/A,N/A,TheMealDB,https://www.themealdb.com/images/media/meals/wxywrq1468235067.jpg
Apricot & Turkish delight mess,100g Mascarpone | 50g Greek Yogurt | 25g Icing Sugar | 2 tablespoons Orange Blossom Water | 1 Meringue Nests | 3 Apricot | 2 pieces Turkish Delight | 25g Almonds | 4 Mint,"step 1 Place the mascarpone, yogurt, sugar and orange flower water into a large bowl and whisk until thickened. Fold the remaining ingredients through, then divide the mix between 2 dessert glasses or bowls and decorate with extra mint, if you like.",N/A,N/A,TheMealDB,https://www.themealdb.com/images/media/meals/p277uc1764109195.jpg
Authentic Norwegian Kransekake,3 Cups Almonds | 4 Egg White | 4 cups Powdered Sugar | 2 cups Powdered Sugar | 1 Egg White | 1/2 teaspoon Lemon Juice,"Grind almonds in an almond grinder or food processor. ▢ Mix almonds and powdered sugar together in a large mixing bowl. Add three of the egg whites and knead the dough together with your hands until it comes together in a ball. Wrap in cling film and leave in the fridge for at least an hour, preferably until the next day. ▢ Grease the kransekake forms thoroughly and coat with semolina, flour, or bread crumbs. ▢ Preheat oven to 210°C (410°F) top and bottom heat. Divide the dough into six se",N/A,N/A,TheMealDB,https://www.themealdb.com/images/media/meals/yk78uc1763075719.jpg
Bakewell tart,"175g/6oz plain flour | 75g/2½oz chilled butter | 2-3 tbsp cold water | 1 tbsp raspberry jam | 125g/4½oz butter | 125g/4½oz caster sugar | 125g/4½oz ground almonds | 1 free-range egg, beaten | ½ tsp almond extract | 50g/1¾oz flaked almonds","To make the pastry, measure the flour into a bowl and rub in the butter with your fingertips until the mixture resembles fine breadcrumbs. Add the water, mixing to form a soft dough. Roll out the dough on a lightly floured work surface and use to line a 20cm/8in flan tin. Leave in the fridge to chill for 30 minutes. Preheat the oven to 200C/400F/Gas 6 (180C fan). Line the pastry case with foil and fill with baking beans. Bake blind for about 15 minutes, then remove the beans and foil and cook",N/A,N/A,TheMealDB,https://www.themealdb.com/images/media/meals/wyrqqq1468233628.jpg
Adana kebab,2 large Romano Pepper | 800g Lamb Mince | 3 tablespoons Red Pepper Paste | 1 tablespoon Pul Biber | 3 tablespoons Sunflower Oil,"step 1 Finely chop the peppers in a food processor, then tip them in a sieve and press into the sieve so that the peppers release all of their juices. Tip into a bowl along with the mince, red pepper paste, pul biber, 1½ tsp flaky sea salt, and 2 tbsp of the oil. Mix together, kneading well for at least 2-3 mins. If you need to, wet your hands with cold water to prevent the mixture from sticking. The mixture should be sticky when ready. Cover and chill for at least 2 hrs, or up to 12 hrs. st",N/A,N/A,TheMealDB,https://www.themealdb.com/images/media/meals/04axct1763793018.jpg
Chilli ginger lamb chops,4 Cloves Crushed Garlic | 1 tblsp Ginger | 1 tblsp Lemon Juice | 1 tblsp Olive Oil | 1/2 tsp Chili Powder | 1 tsp Cumin | 8 Lamb Loin Chops,"step 1 Put the garlic in a bowl with the ginger, lemon juice, oil, spices and seasoning. Blitz with a hand blender until smooth, then use to coat the lamb chops on both sides. Leave to marinate in the fridge for a couple of hours or overnight. step 2 Heat a barbecue until hot. Barbecue the chops over the coals for 3 mins on each side until cooked but still pink and juicy in the centre.",N/A,N/A,TheMealDB,https://www.themealdb.com/images/media/meals/8xuvhj1763794991.jpg
"Chorba Hamra bel Frik (Algerian Lamb, Tomato, and Freekeh Soup)",1 cup Freekeh | 12 ounces Lamb | 1 finely chopped Onion | 1 tsp Black Pepper | 1 tsp Paprika | 1 tsp Ground Cinnamon | To taste Salt | 3 tablespoons Vegetable Oil | 1 bunch Cilantro | 1 bunch Mint | 1 Celery | 14 oz jar Chickpeas | 4 cups Water | 1 Diced Zucchini | 1 Diced Carrots | 1 tablespoon Tomato Puree | 3 Medium Tomato | 1 Diced Potatoes,"Place freekeh in a small bowl and cover with cold water. Set aside. Combine lamb, onion, black pepper, paprika, cinnamon, and salt in a pot. Stir in oil, 1/2 the cilantro, 1/2 the mint, and celery stalk until combined. Simmer over low heat for 15 minutes. Stir in chickpeas; pour in just enough water to cover, and return to a simmer. Stir in zucchini, carrot, and tomato paste. Set a steamer over the pot; add tomatoes. Cover and steam tomatoes until soft, about 5 minutes. Crush tomatoes usin",N/A,N/A,TheMealDB,https://www.themealdb.com/images/media/meals/p9tebp1764118792.jpg
Fårikål (Norwegian National Dish),3 Lbs Lamb | 1 head White Cabbage | 3 tablespoons Whole black peppercorns | 3 tsp Salt | 1 1/2 cups Water | 5 tablespoons Flour,"▢ Cut the lamb into large pieces. ▢ Slice the cabbage into large wedges, keeping the core attached. ▢ Add a layer of lamb pieces to the bottom of a large pot, fatty side down. Sprinkle with peppercorns and salt. Add a layer of cabbage wedges on top. Repeat with more layers of lamb, peppercorns, and cabbage, ending with cabbage on top. ▢ Optional: Sprinkle a couple of tablespoons on top of the lamb for a thicker stew. ▢ Add water to the pot and bring to a boil. Cover and reduce heat. Coo",N/A,N/A,TheMealDB,https://www.themealdb.com/images/media/meals/ttfxxn1762773067.jpg
Hot cumin lamb wrap with crunchy slaw & spicy mayo,4 small Lamb Leg | 2 tsp Olive Oil | 1 tsp Ground Cumin | 1 tablespoon Sugar | 3 tablespoons White Wine Vinegar | 2 Carrots | 2 sliced Spring Onions | 400g White Cabbage | 5 Sweet Peppadew Peppers | 3 tablespoons Mayonnaise | 4 large Pita Bread,"step 1 Heat a griddle pan. Rub the lamb steaks with the oil, cumin and some seasoning. Griddle for about 3-4 mins on each side or until cooked to your liking. Place to one side on a plate to rest. step 2 In a large bowl, stir the sugar into the vinegar until dissolved. Add the carrots, spring onions, cabbage and some seasoning, and toss together. step 3 Blitz the whole peppers and the mayo in a food processor. Add a heap of the salad to each flatbread. Slice the lamb, trimming off any e",N/A,N/A,TheMealDB,https://www.themealdb.com/images/media/meals/jyylmo1763790808.jpg
Imam bayildi with BBQ lamb & tzatziki,3 Aubergine | 2 tablespoons Olive Oil | 1 chopped Onion | 2 cloves chopped Garlic | 1 tsp Cinnamon | 8 Tomato | Bunch Parsley | 12 Lamb Loin Chops | Pinch Paprika | 1 Lemon | 150g Greek Yogurt | 1/2 Cucumber | 2 tbs chopped Mint,"step 1 Heat oven to 190C/170C fan/gas 5. Halve the aubergines lengthways and score the flesh side deeply, brush with a good layer of olive oil and put on a baking sheet. Roast for 20 mins or until the flesh is soft enough to scoop out. step 2 Fry the onion in a little oil until soft, add the garlic and cinnamon and fry for 1 min. Once the aubergines are cool enough to handle, scoop out the centres. Roughly chop the flesh and add it to the onions. Halve the tomatoes, scoop the seeds and juic",N/A,N/A,TheMealDB,https://www.themealdb.com/images/media/meals/ampz9v1763787134.jpg
Kapsalon,250 Grams Fries | 500 Grams Doner Meat | Topping Garlic sauce | Topping Hotsauce | 1 Bulb Lettuce | 1 Tomato | 3rd Cucumber | 100 Grams Gouda cheese,"Cut the meat into strips. Heat oil in a pan and fry the strips for 6 minutes until it's ready. Bake the fries until golden brown in a deep fryrer. When ready transfer to a backing dish. Make sure the fries are spread over the whole dish. Cover the fries with a new layer of meat and spread evenly. Add a layer of cheese over the meat. You can also use grated cheese. When done put in the oven for a few minutes until the cheese is melted. Chop the lettuce, tomato and cucumber in small pieces and",N/A,N/A,TheMealDB,https://www.themealdb.com/images/media/meals/sxysrt1468240488.jpg
Keleya Zaara,4 tbs Olive Oil | 750g Lamb | 1 1/2 tsp Saffron | 1 Large Chopped Onion | 25 ml Water | 30g Parsley | 1 tbs Butter | 1 Lemon,"Heat the vegetable oil in a large frying pan over medium-high heat. Add the lamb and cook until browned on all sides, about 5 minutes. Season with saffron, salt and pepper to taste; stir in all but 4 tablespoons of the onion, and pour in the water. Bring to the boil, then cover, reduce heat to medium-low, and simmer until the lamb is tender, about 15 minutes. Uncover the pan, stir in the butter and allow the sauce reduce 5 to 10 minutes to desired consistency. Season to taste with salt and pepp",N/A,N/A,TheMealDB,https://www.themealdb.com/images/media/meals/8x09hy1560460923.jpg
kofta burgers,1kg Lamb | 2 Onion | 1 Garlic Bulb | 6 tablespoons Garam Masala | Bunch Coriander | 1 tablespoon Chilli Sauce | 8 Pita Bread | 4 sliced Tomato | 1/2 Red Cabbage | 1 sliced Red Onions | Small pack Yogurt,"step 1 Tip the mince into a large bowl (use a clean washing-up bowl if you don’t have anything big enough) with all the other burger ingredients and a good pinch of salt. Roll up your sleeves, get your hands into the mix and squelch everything together through your fingers until completely mixed. Pat the mix into 16 small burgers. These may now be frozen for up to 1 month or chilled up to a day ahead. step 2 To cook, heat grill to its highest setting and lay the burgers in a single layer on",N/A,N/A,TheMealDB,https://www.themealdb.com/images/media/meals/lgmnff1763789847.jpg
Lamb & apricot meatballs,2 tablespoons Olive Oil | 2 chopped Red Onions | 4 Cloves Crushed Garlic | 2 tsp Ground Cumin | 2 tsp Ground Coriander | 400g Tinned Tomatos | 1/2 teaspoon Sugar | 10g Mint | 500g Lamb Mince | 8 Dried Apricots | 50g Breadcrumbs | To serve Pita Bread,"step 1 Heat 2 tsp oil in a pan and soften the onions for 5 mins. Add the garlic and spices and cook for a few mins more. Spoon half the onion mixture into a bowl and set aside to cool. Add the tomatoes, sugar and seasoning to the remaining onions in the pan and simmer for about 10 mins until reduced. step 2 Meanwhile, add the mint, lamb, apricots and breadcrumbs to the cooled onions, season and mix well with your hands. Shape into little meatballs. step 3 Heat the rest of the oil in a n",N/A,N/A,TheMealDB,https://www.themealdb.com/images/media/meals/72fgzj1764109947.jpg
Bean & Sausage Hotpot,8 large Sausages | 1 Jar Tomato Sauce | 1200g Butter Beans | 1 tbls Black Treacle | 1 tsp English Mustard,"In a large casserole, fry the sausages until brown all over – about 10 mins. Add the tomato sauce, stirring well, then stir in the beans, treacle or sugar and mustard. Bring to the simmer, cover and cook for 30 mins. Great served with crusty bread or rice.",N/A,N/A,TheMealDB,https://www.themealdb.com/images/media/meals/vxuyrx1511302687.jpg
Callaloo Jamaican Style,1 bunch Kale | 2 strips Bacon | 3 cloves Chopped Garlic | 1 medium Onion | 1/2 tsp Paprika | 1 Sprig Thyme | 1 Tomato | 1 Red Pepper | 4 Banana | Splash Vegetable Oil,"Cut leaves and soft stems from the kale branches, them soak in a bowl of cold water for about 5-10 minutes or until finish with prep. Proceed to slicing the onions, mincing the garlic and dicing the tomatoes. Set aside Remove kale from water cut in chunks. Place bacon on saucepan and cook until crispy. Then add onions, garlic, thyme, stir for about a minute or more Add tomatoes; scotch bonnet pepper, smoked paprika. Sauté for about 2-3 more minutes. Finally add vegetable, salt, mix well, an",N/A,N/A,TheMealDB,https://www.themealdb.com/images/media/meals/ussyxw1515364536.jpg
Chakchouka,4 Tomatoes | 2 tbs Olive Oil | 1 Diced Onion | 1 sliced Red Pepper | 1 sliced Green Pepper | 3 Cloves Crushed Garlic | 1 tsp Cumin | 1 tsp Paprika | 3/4 teaspoon Salt | 1/2 teaspoon Chili Powder | 4 Eggs,"In a large cast iron skillet or sauté pan with a lid, heat oil over medium high heat. Add the onion and sauté for 2-3 minutes, until softened. Add the peppers and garlic, and sauté for an additional 3-5 minutes. Add the tomatoes, cumin, paprika, salt, and chili powder. Mix well and bring the mixture to a simmer. Reduce the heat to medium low and continue to simmer, uncovered, 10-15 minutes until the mixture has thickened to your desired consistency. (Taste the sauce at this point and adjust for",N/A,N/A,TheMealDB,https://www.themealdb.com/images/media/meals/gpz67p1560458984.jpg
Duck Confit,Handful Sea Salt | 4 Bay Leaf | 4 cloves Garlic | Handful Thyme | 4 Duck Legs | 100ml White Wine,"The day before you want to make the dish, scatter half the salt, half the garlic and half of the herbs over the base of a small shallow dish. Lay the duck legs, skin-side up, on top, then scatter over the remaining salt, garlic and herbs. Cover the duck and refrigerate overnight. This can be done up to 2 days ahead. Pour the wine into a saucepan that will snugly fit the duck legs in a single layer. Brush the salt off the duck legs and place them, skin-side down, in the wine. Cover the pan with",N/A,N/A,TheMealDB,https://www.themealdb.com/images/media/meals/wvpvsu1511786158.jpg
French Lentils With Garlic and Thyme,3 tablespoons Olive Oil | 1 Onion | 2 cloves Garlic | 1 Carrots | 2 1/4 cups French Lentils | 1 teaspoon Thyme | 3 Bay Leaf | 1 tablespoon Salt | 2 sticks Celery,"Place a large saucepan over medium heat and add oil. When hot, add chopped vegetables and sauté until softened, 5 to 10 minutes. Add 6 cups water, lentils, thyme, bay leaves and salt. Bring to a boil, then reduce to a fast simmer. Simmer lentils until they are tender and have absorbed most of the water, 20 to 25 minutes. If necessary, drain any excess water after lentils have cooked. Serve immediately, or allow them to cool and reheat later. For a fuller taste, use some chicken stock and redu",N/A,N/A,TheMealDB,https://www.themealdb.com/images/media/meals/vwwspt1487394060.jpg
French Omelette,3 Eggs | 2 knobs Butter | 1 tsp Parmesan | 3 chopped Tarragon Leaves | 1 tbs chopped Parsley | 1 tbs chopped Chives | 4 tbs Gruyère,"Get everything ready. Warm a 20cm (measured across the top) non-stick frying pan on a medium heat. Crack the eggs into a bowl and beat them with a fork so they break up and mix, but not as completely as you would for scrambled egg. With the heat on medium-hot, drop one knob of butter into the pan. It should bubble and sizzle, but not brown. Season the eggs with the Parmesan and a little salt and pepper, and pour into the pan. Let the eggs bubble slightly for a couple of seconds, then take a woo",N/A,N/A,TheMealDB,https://www.themealdb.com/images/media/meals/yvpuuy1511797244.jpg
Locro,500g Dried white corn | 200g Dried white beans | 300g Pumpkin | 200g Potatoes | 300g Beef | 200g Pork | 1 Chorizo | 1 chopped Onion | 1 teaspoon Paprika | To taste Salt | To taste Pepper,"Soak: Soak corn and beans overnight in water. Cook Meats: In a large pot, brown the beef and pork. Add onions and spices, cooking until translucent. Simmer the Stew: Add soaked corn and beans, pumpkin, potato, and enough water to cover. Simmer for 2-3 hours, until thick. Serve: Enjoy hot, with bread on the side. Pro Tips: Toasting the corn slightly before adding it to the stew enhances its flavor. Add a spoonful of paprika or a dash of cumin for an extra layer of warmth and complexity",N/A,N/A,TheMealDB,https://www.themealdb.com/images/media/meals/5sgsob1763196284.jpg
Migas,1 large Bread | 1 1/2 L Olive Oil | Half Garlic | 1 Handfull Pork,"Crumble the bread into small pieces. Sprinkle with cold water, cover with a damp cloth and leave for 30 minutes. Heat 2 tsp of olive oil in a deep pan. Add the garlic cloves separated, skins on; just make a small cut with a knife to open them and keep frying for 5 minutes. Set the garlic aside. In the same oil, where we fried everything, simmer the bread, stirring constantly for 15 minutes and add a grinding of black pepper. Add the garlic, continue stirring for about 20 minutes. It will be r",N/A,N/A,TheMealDB,https://www.themealdb.com/images/media/meals/xd9aj21740432378.jpg
Mutabbaq,500g Mincemeat | 1.5 tbs minced Garlic | 1.5 tbs minced Ginger | 1 Egg | 1 large Tomato | 4 Spring Onions | 12 Filo Pastry | 1 1/2 cups Melted Butter | 1 tsp Salt | 1 tsp Paprika | 1 tsp Cumin | 1 tsp Allspice | 1 tsp Turmeric | 1 tsp Black Pepper | 1 tsp Sugar,"1 Heat the frying pan and add in some oil. Fry the mashed garlic and ginger first and then add in the minced meat and all seasoning. When the meat is cooked, set aside to cool down. 2 Get another big bowl. Add in egg, chopped tomato, chopped spring onion and minced meat. 3 Get one 2 sheets of filo pastry or 1 sheet spring roll wrap. Brush it with some butter and then put some filling in the middle. Fold the pastry and brush more butter on the seal part. 4 Heat a frying pan and add in some",N/A,N/A,TheMealDB,https://www.themealdb.com/images/media/meals/i5o2b61763739053.jpg
Osso Buco alla Milanese,4 meaty shanks Veal | ½ cup Flour | 2 tablespoons Olive Oil | 3 tablespoons Butter | 1 medium chopped into ½-inch pieces Onion | 1 chopped into ½-inch pieces Carrots | 1 chopped into ½-inch pieces Celery | 1 bulb chopped into ½-inch pieces Fennel | 3 cloves Garlic | 2 strips Orange Zest | 1 ½ teaspoons Marjoram | 1 Bay Leaf | 1 cup Dry White Wine | ½ cup Chicken Stock | 1 cup chopped with juice Tomatoes | 2 tablespoons chopped Parsley | 1 teaspoon minced Garlic | 1 teaspoon grated Lemon Zest,"Heat the oven to 300 degrees. Dredging the shanks: pour the flour into a shallow dish (a pie plate works nicely). Season the veal shanks on all sides with salt and pepper. One at a time, roll the shanks around in the flour coat, and shake and pat the shank to remove any excuses flour. Discard the remaining flour. Browning the shanks: put the oil and 1 tablespoon of the butter in a wide Dutch oven or heavy braising pot (6 to 7 quart) and heat over medium-high heat. When the butter has melted an",N/A,N/A,TheMealDB,https://www.themealdb.com/images/media/meals/wwuqvt1487345467.jpg
Chilli prawn linguine,280g Linguine Pasta | 200g Sugar Snap Peas | 2 tblsp Olive Oil | 2 cloves chopped Garlic Clove | 1 large Red Chilli | 24 Skinned King Prawns | 12 Cherry Tomatoes | Handful Basil Leaves | Leaves Lettuce | to serve Bread | 2 tbsp Fromage Frais | Grated Zest of 2 Lime | 2 tsp Caster Sugar,"Mix the dressing ingredients in a small bowl and season with salt and pepper. Set aside. Cook the pasta according to the packet instructions. Add the sugar snap peas for the last minute or so of cooking time. Meanwhile, heat the oil in a wok or large frying pan, toss in the garlic and chilli and cook over a fairly gentle heat for about 30 seconds without letting the garlic brown. Tip in the prawns and cook over a high heat, stirring frequently, for about 3 minutes until they turn pink.",N/A,N/A,TheMealDB,https://www.themealdb.com/images/media/meals/usywpp1511189717.jpg
Fettuccine Alfredo,1 lb Fettuccine | 1/2 cup Heavy Cream | 1/2 cup Butter | 1/2 cup Parmesan | 2 tbsp Parsley | Black Pepper,"Cook pasta according to package instructions in a large pot of boiling water and salt. Add heavy cream and butter to a large skillet over medium heat until the cream bubbles and the butter melts. Whisk in parmesan and add seasoning (salt and black pepper). Let the sauce thicken slightly and then add the pasta and toss until coated in sauce. Garnish with parsley, and it's ready.",N/A,N/A,TheMealDB,https://www.themealdb.com/images/media/meals/0jv5gx1661040802.jpg
Fettucine alfredo,227g Clotted Cream | 25g Butter | 1 tsp Corn Flour | 100g Parmesan Cheese | Grated Nutmeg | 250g Fettuccine | Chopped Parsley,"In a medium saucepan, stir the clotted cream, butter and cornflour over a low-ish heat and bring to a low simmer. Turn off the heat and keep warm. Meanwhile, put the cheese and nutmeg in a small bowl and add a good grinding of black pepper, then stir everything together (don’t add any salt at this stage). Put the pasta in another pan with 2 tsp salt, pour over some boiling water and cook following pack instructions (usually 3-4 mins). When cooked, scoop some of the cooking water into a heatpro",N/A,N/A,TheMealDB,https://www.themealdb.com/images/media/meals/uquqtu1511178042.jpg
Grilled Mac and Cheese Sandwich,8 ounces (230 grams) Macaroni | 1/3 cup Plain Flour | 3/4 teaspoon Mustard Powder | 1/2 teaspoon Garlic powder | 1/2 teaspoon Kosher salt | 1/2 teaspoon Black pepper | 1/8 teaspoon Cayenne pepper | 6 tablespoons (85 grams) Butter | 1 1/2 cups (360 milliliters) Whole Milk | 1 cup (240 milliliters) Heavy Cream | 1 pound (455 grams) Monterey Jack Cheese | 4 tablespoons (55 grams) Butter | 1 teaspoon garlic powder | 16 slices square Bread | 8 slices mild Cheddar Cheese | 8 slices Colby Jack Cheese | 4 tablespoons (55 grams) Butter,"Make the mac and cheese 1. Bring a medium saucepan of generously salted water (you want it to taste like seawater) to a boil. Add the pasta and cook, stirring occasionally, until al dente, 8 to 10 minutes, or according to the package directions. The pasta should be tender but still chewy. 2. While the pasta is cooking, in a small bowl, whisk together the flour, mustard powder, garlic powder, salt, black pepper, and cayenne pepper. 3. Drain the pasta in a colander. Place the empty pasta pan",N/A,N/A,TheMealDB,https://www.themealdb.com/images/media/meals/xutquv1505330523.jpg
Lasagna Sandwiches,1/4 cup Sour Cream | 2 tbs Chopped Onion | 1/2 tbs Dried Oregano | 1/4 tsp Salt | 8 slices Bread | 8 slices Bacon | 8 slices Tomato | 4 slices Mozzarella | 2 1/2 Tbs Butter,"1. In a small bowl, combine the first four ingredients; spread on four slices of bread. Layer with bacon, tomato and cheese; top with remaining bread. 2. In a large skillet or griddle, melt 2 tablespoons butter. Toast sandwiches until lightly browned on both sides and cheese is melted, adding butter if necessary. Nutrition Facts 1 sandwich: 445 calories, 24g fat (12g saturated fat), 66mg cholesterol, 1094mg sodium, 35g carbohydrate (3g sugars, 2g fiber), 21g protein.",N/A,N/A,TheMealDB,https://www.themealdb.com/images/media/meals/xr0n4r1576788363.jpg
Lasagne,1 tblsp Olive Oil | 2 Bacon | 1 finely chopped Onion | 1 Stick Celery | 1 medium Carrots | 2 cloves chopped Garlic | 500g Minced Beef | 1 tbls Tomato Puree | 800g Chopped Tomatoes | 1 tblsp Honey | 500g Lasagne Sheets | 400ml Creme Fraiche | 125g Mozzarella Balls | 50g Parmesan Cheese | Topping Basil Leaves,"Heat the oil in a large saucepan. Use kitchen scissors to snip the bacon into small pieces, or use a sharp knife to chop it on a chopping board. Add the bacon to the pan and cook for just a few mins until starting to turn golden. Add the onion, celery and carrot, and cook over a medium heat for 5 mins, stirring occasionally, until softened. Add the garlic and cook for 1 min, then tip in the mince and cook, stirring and breaking it up with a wooden spoon, for about 6 mins until browned all over.",N/A,N/A,TheMealDB,https://www.themealdb.com/images/media/meals/wtsvxx1511296896.jpg
Pilchard puttanesca,300g Spaghetti | 1 tbls Olive Oil | 1 finely chopped Onion | 2 cloves minced Garlic | 1 Red Chilli | 1 tbls Tomato Puree | 425g Pilchards | 70g Black Olives | Shaved Parmesan,"Cook the pasta following pack instructions. Heat the oil in a non-stick frying pan and cook the onion, garlic and chilli for 3-4 mins to soften. Stir in the tomato purée and cook for 1 min, then add the pilchards with their sauce. Cook, breaking up the fish with a wooden spoon, then add the olives and continue to cook for a few more mins. Drain the pasta and add to the pan with 2-3 tbsp of the cooking water. Toss everything together well, then divide between plates and serve, scattered with P",N/A,N/A,TheMealDB,https://www.themealdb.com/images/media/meals/vvtvtr1511180578.jpg
Spaghetti alla Carbonara,320g Spaghetti | 6 Egg Yolks | As required Salt | 150g Bacon | 50g Pecorino | As required Black Pepper,"STEP 1 Put a large saucepan of water on to boil. STEP 2 Finely chop the 100g pancetta, having first removed any rind. Finely grate 50g pecorino cheese and 50g parmesan and mix them together. STEP 3 Beat the 3 large eggs in a medium bowl and season with a little freshly grated black pepper. Set everything aside. STEP 4 Add 1 tsp salt to the boiling water, add 350g spaghetti and when the water comes back to the boil, cook at a constant simmer, covered, for 10 minutes or until al dente",N/A,N/A,TheMealDB,https://www.themealdb.com/images/media/meals/llcbn01574260722.jpg
Syrian Spaghetti,16 ounces Spaghetti | 8 ounces Tomato Sauce | 6 oz Tomato Puree | 1 teaspoon Cinnamon | 1/4 cup Vegetable Oil | Dash Salt | Dash Pepper,"Preheat oven to 350 degrees F (175 degrees C). Grease a 9x13 inch baking dish. Bring a large pot of lightly salted water to a boil. Add spaghetti and cook for 8 to 10 minutes or until al dente; drain and stir in tomato sauce, tomato paste, cinnamon, oil, salt and pepper. Transfer to prepared dish. Bake in preheated oven for 1 hour, or until top is crunchy.",N/A,N/A,TheMealDB,https://www.themealdb.com/images/media/meals/5fu4ew1760524857.jpg
Venetian Duck Ragu,1 tbls Olive Oil | 4 Duck Legs | 2 finely chopped Onions | 2 cloves minced Garlic | 2 tsp ground Cinnamon | 2 tsp Plain Flour | 250ml Red Wine | 800g Chopped Tomatoes | 1 Chicken Stock Cube | 3 sprigs Rosemary | 2 Bay Leaves | 1 tsp Sugar | 2 tbs Milk | 600g Paccheri Pasta | Grated Parmesan Cheese,"Heat the oil in a large pan. Add the duck legs and brown on all sides for about 10 mins. Remove to a plate and set aside. Add the onions to the pan and cook for 5 mins until softened. Add the garlic and cook for a further 1 min, then stir in the cinnamon and flour and cook for a further min. Return the duck to the pan, add the wine, tomatoes, stock, herbs, sugar and seasoning. Bring to a simmer, then lower the heat, cover with a lid and cook for 2 hrs, stirring every now and then. Carefully lif",N/A,N/A,TheMealDB,https://www.themealdb.com/images/media/meals/qvrwpt1511181864.jpg
Bubble & Squeak,1 tbs Butter | 4 Bacon | 1 finely sliced Onion | 1 chopped Garlic Clove | 20 Brussels Sprouts | 400g Potatoes,"Melt the fat in a non-stick pan, allow it to get nice and hot, then add the bacon. As it begins to brown, add the onion and garlic. Next, add the sliced sprouts or cabbage and let it colour slightly. All this will take 5-6 mins. Next, add the potato. Work everything together in the pan and push it down so that the mixture covers the base of the pan – allow the mixture to catch slightly on the base of the pan before turning it over and doing the same again. It’s the bits of potato that catch in",N/A,N/A,TheMealDB,https://www.themealdb.com/images/media/meals/xusqvw1511638311.jpg
Arroz al horno (baked rice),2 tbsp Extra Virgin Olive Oil | 800g Pork belly slices | 150g Black Pudding | 100g Bacon lardon | 1 chopped Onion | 2 Red Pepper | 1 chopped Plum Tomatoes | 8 Garlic Clove | 4 teaspoons Paprika | 1/2 teaspoon Chilli Flakes | 200g Dried white beans | 1 1/2 L Chicken Stock | 6 parts Thyme | 375g Paella Rice | 1 Lemon Juice,"step 1 Heat oven to 200C/180C/gas 6. Heat half the oil in a deep frying or sauté pan (or shallow casserole dish) measuring around 30cm in diameter. Over a high heat, colour the pork belly slices on each side in several batches, then transfer to a bowl. Add the remaining oil to the pan and lower the heat to medium, then add the black pudding and bacon and fry all over for several mins. Remove with a slotted spoon. Fry the onion and peppers for around 10 mins until soft and pale gold, then add th",N/A,N/A,TheMealDB,https://www.themealdb.com/images/media/meals/qt4i0n1763256454.jpg
Barbecue pork buns,85g Sugar | 500g White Bread Mix | 1 tablespoon Sunflower Oil | 12 Bacon | Knob Ginger | 2 cloves chopped Garlic | 2 tablespoons Soy Sauce | 3 tablespoons Clear Honey | 3 tablespoons Tomato Puree | 1 beaten Egg,"step 1 Heat the oven to 200C/fan 180C/gas. Mix the sugar into the bread mix in a large bowl, then add water as instructed on the pack. Bring the dough together with a wooden spoon, then knead on a lightly floured surface for 5 mins until smooth. Put into a large bowl, cover with oiled cling film then leave in a warm place until doubled in size. step 2 Meanwhile, heat the oil in a pan, then fry the bacon until crisp, about 5 mins. Add the ginger and garlic and fry for 1 min until soft, then",N/A,N/A,TheMealDB,https://www.themealdb.com/images/media/meals/tzsy461763769901.jpg
BBQ Pork Sloppy Joes,2 Potatoes | 1 Red Onions | 2 cloves Garlic | 1 Lime | 2 Bread | 1 lb Pork | Barbeque Sauce | Hotsauce | Tomato Ketchup | Sugar | Vegetable Oil | Salt | Pepper,"1 Preheat oven to 450 degrees. Wash and dry all produce. Cut sweet potatoes into ½-inch-thick wedges. Toss on a baking sheet with a drizzle of oil, salt, and pepper. Roast until browned and tender, 20-25 minutes. 2 Meanwhile, halve and peel onion. Slice as thinly as possible until you have ¼ cup (½ cup for 4 servings); finely chop remaining onion. Peel and finely chop garlic. Halve lime; squeeze juice into a small bowl. Halve buns. Add 1 TBSP butter (2 TBSP for 4) to a separate small mi",N/A,N/A,TheMealDB,https://www.themealdb.com/images/media/meals/atd5sh1583188467.jpg
Bigos (Hunters Stew),2 sliced Bacon | 1 lb Kielbasa | 1 lb Pork | 1/4 cup Flour | 3 chopped Garlic | 1 Diced Onion | 1 1/2 cup Mushrooms | 4 cups Cabbage | 1 Jar Sauerkraut | 1/4 cup Red Wine | 1 Bay Leaf | 1 tsp Basil | 1 tsp Marjoram | 1 tbs Paprika | 1/8 teaspoon Caraway Seed | 1 dash Hotsauce | 5 Cups Beef Stock | 2 tbs Tomato Puree | 1 cup Diced Tomatoes | 1 dash Worcestershire Sauce,"Preheat the oven to 350 degrees F (175 degrees C). Heat a large pot over medium heat. Add the bacon and kielbasa; cook and stir until the bacon has rendered its fat and sausage is lightly browned. Use a slotted spoon to remove the meat and transfer to a large casserole or Dutch oven. Coat the cubes of pork lightly with flour and fry them in the bacon drippings over medium-high heat until golden brown. Use a slotted spoon to transfer the pork to the casserole. Add the garlic, onion, carrots",N/A,N/A,TheMealDB,https://www.themealdb.com/images/media/meals/md8w601593348504.jpg
Boxty Breakfast,4 large Potatoes | 1 bunch Spring Onions | 100g Plain Flour | 1 Egg White | 150ml Milk | 1 tsp Bicarbonate Of Soda | 3 tbs Butter | 2 tbs Vegetable Oil | 6 Cherry Tomatoes | 12 Bacon | 6 Egg,"STEP 1 Before you start, put your oven on its lowest setting, ready to keep things warm. Peel the potatoes, grate 2 of them, then set aside. Cut the other 2 into large chunks, then boil for 10-15 mins or until tender. Meanwhile, squeeze as much of the liquid from the grated potatoes as you can using a clean tea towel. Mash the boiled potatoes, then mix with the grated potato, spring onions and flour. STEP 2 Whisk the egg white in a large bowl until it holds soft peaks. Fold in the buttermil",N/A,N/A,TheMealDB,https://www.themealdb.com/images/media/meals/naqyel1608588563.jpg
Bryndzové Halušky,500g Potatoes | 200g Plain Flour | 1 Egg | 1 teaspoon Salt | 250g Bryndza cheese | 200g Bacon | Garnish Chives,"1. Prepare the Dough Grate the potatoes finely using a hand grater or food processor. Place the grated potatoes in a bowl and mix them with flour, egg, and salt until a sticky dough forms. The consistency should be thick but pliable. 2. Cook the Dumplings Bring a large pot of salted water to a boil. Using a halušky maker (similar to a spaetzle maker), press the dough directly into the boiling water. If you don’t have one, use a tilted cutting board and a knife to scrape small pieces of doug",N/A,N/A,TheMealDB,https://www.themealdb.com/images/media/meals/g33c901763365484.jpg
Cassava pizza,6 cut thick slices Casabe | 450g Tomato Sauce | 225g Chorizo | 225g Turkey Ham | 75g Sweetcorn | 40g Green Olives | 55g Paprika | 50g Mozzarella,"Preheat the oven to 200ºC. Cut the bacon or chorizo into medium pieces and the paprika into strips. Spread a little tomato sauce and mozzarella cheese on each portion of cassava. Add the bacon or chorizo, corn, turkey ham, some olives and paprika. Bake for 7 to 10 minutes. Remove from the oven and enjoy.",N/A,N/A,TheMealDB,https://www.themealdb.com/images/media/meals/lrfdwz1764438393.jpg
"Chickpea, chorizo & spinach stew",4 tablespoons Extra Virgin Olive Oil | 1 chopped Onion | 1 Diced Carrots | 1 Diced Celery | 3 Thyme | 2 Bay Leaves | 2 cloves chopped Garlic | 200g Chorizo | 1/4 tsp Cinnamon | 1 teaspoon Paprika | 800g Chickpeas | 2 tblsp Sherry vinegar | 400g Spinach,"step 1 Heat the oil in a large pan, then gently fry the onion for 3-4 mins until it begins to soften. Stir in the carrot, celery, thyme and bay leaves. Season, then cook for 2-3 mins, stirring occasionally. Add the garlic, chorizo, cinnamon and smoked paprika. Gently fry until the vegetables soften and the chorizo starts to release its oils and crisp up. step 2 Stir in the chickpeas, vinegar and 150ml water, then bring to a simmer for 1-2 mins until the chickpeas have heated up. Add the spi",N/A,N/A,TheMealDB,https://www.themealdb.com/images/media/meals/xvnx8j1763287209.jpg
Choripán,4 Chorizo | 4 Crusty Bread | Drizzle Chimichurri sauce,"Grill the Chorizos: Cook the chorizos on a grill or pan until fully cooked, about 10-15 minutes. Prepare the Rolls: Slice the rolls and toast them lightly on the grill or in a pan. Assemble: Slice each chorizo lengthwise and place in a roll. Top with a generous amount of chimichurri sauce. Serve: Enjoy immediately while hot. Pro Tips: Grill the chorizo slowly on medium heat to prevent the skin from bursting and to ensure it cooks evenly throughout. Toast the bread on the grill to absorb",N/A,N/A,TheMealDB,https://www.themealdb.com/images/media/meals/5i25sg1763075353.jpg
Arroz con gambas y calamar,24 Raw King Prawns | 2 tbsp Olive Oil | 1 small Onion | 1 Bay Leaf | 1 pinch Saffron | 450g Paella Rice | 2 teaspoons Tomato Puree | 200ml White Wine | 650ml Seafood stock | 3 Medium Squid,"step 1 Peel and devein most of the prawns (a fishmonger should be able to do this for you), keeping a few whole for decoration, if you like. Heat the olive oil in a large frying pan or shallow flameproof casserole over a medium-low heat and fry the onion for 5 mins until softened. Add the bay leaf, saffron, rice and tomato purée, and cook for 1-2 mins more, stirring. step 2 Pour in the wine and bubble for 1-2 mins, then pour in the seafood stock and 150ml water. Cook for 5 mins, then add th",N/A,N/A,TheMealDB,https://www.themealdb.com/images/media/meals/jc6oub1763196663.jpg
Baked salmon with fennel & tomatoes,2 medium Fennel | 2 tbs chopped Parsley | Juice of 1 Lemon | 175g Cherry Tomatoes | 1 tbs Olive Oil | 350g Salmon | to serve Black Olives,"Heat oven to 180C/fan 160C/gas 4. Trim the fronds from the fennel and set aside. Cut the fennel bulbs in half, then cut each half into 3 wedges. Cook in boiling salted water for 10 mins, then drain well. Chop the fennel fronds roughly, then mix with the parsley and lemon zest. Spread the drained fennel over a shallow ovenproof dish, then add the tomatoes. Drizzle with olive oil, then bake for 10 mins. Nestle the salmon among the veg, sprinkle with lemon juice, then bake 15 mins more until the",N/A,N/A,TheMealDB,https://www.themealdb.com/images/media/meals/1548772327.jpg
Bang bang prawn salad,140g Rice Noodles | 3 tablespoons Peanut Butter | 4 tablespoons Coconut Milk | 3 tablespoons sweet chilli sauce | 3 sliced thinly Spring Onions | 1 sliced Cucumber | 300g Bean Sprouts | 200g Prawns,"step 1 Cook the noodles following pack instructions, then rinse under cold water and drain thoroughly. In a small saucepan melt together the peanut butter, coconut milk, sweet chilli sauce and half the spring onions, adding 1-2 tbsp of water to loosen the mixture to a drizzling consistency. step 2 Mix the noodles, cucumber and beansprouts in a serving dish. Top with the prawns, drizzle over the peanut sauce and scatter over the remaining spring onions.",N/A,N/A,TheMealDB,https://www.themealdb.com/images/media/meals/4xcfai1763765676.jpg
Barramundi with Moroccan spices,2 x 400g barramundi | 1/2 teaspoon Ground Cumin | 1/2 tsp Coriander | Pinch Paprika | Pinch Chili Powder | 2 Garlic Clove | Juice of 1 Lemon | 5 tablespoons Olive Oil | Bunch Coriander,"step 1 Tip all the dressing ingredients into a food processor with a pinch of salt and blitz to a dressing. Slash the fish three times on each side, coat with half of the dressing, then set aside to marinate for about 30 mins. step 2 Heat oven to 220C/fan 200C/gas 7. Place the fish on a roasting tray, then cook in the oven for 20 mins until the flesh is firm and the eyes have turned white. Serve the fish with the rest of the dressing and steamed couscous or rice. step 3 KNOW HOW: HOW TO",N/A,N/A,TheMealDB,https://www.themealdb.com/images/media/meals/4o4wh11761848573.jpg
Cajun spiced fish tacos,2 tbsp cajun | 1 tsp cayenne pepper | 4 fillets white fish | 1 tsp vegetable oil | 8 flour tortilla | 1 sliced avocado | 2 shredded little gem lettuce | 4 shredded Spring Onions | 1 x 300ml salsa | 1 pot sour cream | 1 lemon | 1 clove finely chopped garlic,"Cooking in a cajun spice and cayenne pepper marinade makes this fish super succulent and flavoursome. Top with a zesty dressing and serve in a tortilla for a quick, fuss-free main that's delightfully summery. On a large plate, mix the cajun spice and cayenne pepper with a little seasoning and use to coat the fish all over. Heat a little oil in a frying pan, add in the fish and cook over a medium heat until golden. Reduce the heat and continue frying until the fish is cooked through, about",N/A,N/A,TheMealDB,https://www.themealdb.com/images/media/meals/uvuyxu1503067369.jpg
"Clam, chorizo & white bean stew",50g Chorizo | 1 chopped Onion | 1 Garlic Clove | Bunch Parsley | 200ml Vegetable Stock | 400g Tinned Tomatos | 400g Butter Beans | 1 teaspoon Sherry vinegar | 600g Clams | To serve Crusty Bread,"step 1 Fry the chorizo in a large frying pan with a lid, over a medium heat until it is starting to crisp up and release its oil. Add the onion and cook for 5 mins until starting to soften. Then add the garlic and finely chopped parsley, and fry for 1 min more. step 2 Pour on the stock and tomatoes. Bring to the boil, reduce the heat, then add the beans and sherry vinegar. Simmer for 10 mins until the liquid is slightly reduced. step 3 Scatter over the clams, cover with the lid and stea",N/A,N/A,TheMealDB,https://www.themealdb.com/images/media/meals/92wbmf1763252334.jpg
Egg Foo Young,1 cup Unsalted Beef Stock | 1 tablespoon Soy Sauce | 1 tablespoon Shaoxing Wine | 1 tablespoon Oyster Sauce | 1/2 tsp Pepper | 1 tablespoon Cornstarch | 1 tablespoon Water | 1 tablespoon Cornstarch | 1 tablespoon Water | 8 large Egg | 1/2 tsp Kosher Salt | 1/4 tsp Sugar | 1 Spring Onions | 1 cup Mung Bean Sprouts | 20 Shrimp | 3 Cups Vegetable Oil | 2 cups Jasmine Rice,"Make the gravy: In a small saucepan, add the beef stock, soy sauce, Shaoxing wine, oyster sauce, and white pepper powder over medium heat. Whisk together and bring to a simmer. Combine the cornstarch and water in a small bowl and whisk to dissolve. Add to the saucepan and whisk until the gravy thickens and coats the back of the spoon, 2 to 3 minutes. Cover the saucepan with a lid and keep it warm on the lowest possible heat. Make the egg foo young batter: In a medium bowl, whisk togethe",N/A,N/A,TheMealDB,https://www.themealdb.com/images/media/meals/47y6ii1765658818.jpg
Escovitch Fish,2 Pounds Red Snapper | 1/2 cup Vegetable Oil | 1 clove peeled crushed Garlic | 1/2 tsp Ginger | 2 sprigs Thyme | 1 Bay Leaf | 0.5 Red Pepper | 0.5 Yellow Pepper | 1 sliced Onion | 1 chopped Carrots | 1 tbs Sugar | 1/2 tsp Allspice | 1 tsp Worcestershire Sauce | 1 Scotch Bonnet | 1 Lime | 3/4 cup Malt Vinegar | pinch Pepper,"Rinse fish; rub with lemon or lime, seasoned with salt and pepper or use your favorite seasoning. I used creole seasoning. Set aside or place in the oven to keep it warm until sauce is ready. In large skillet heat oil over medium heat, until hot, add the fish, cook each side- for about 5-7 minutes until cooked through and crispy on both sides. Remove fish and set aside. Drain oil and leave about 2-3 tablespoons of oil Add, bay leave, garlic and ginger, stir-fry for about a minute making sure",N/A,N/A,TheMealDB,https://www.themealdb.com/images/media/meals/1520084413.jpg
Fish fofos,600g Haddock | 300g Potatoes | 1 chopped Green Chilli | 3 tbs Coriander | 1 tsp Cumin Seeds | 1/2 tsp Pepper | 3 cloves Garlic | 2 pieces Ginger | 2 tbs Flour | 3 Eggs | 75g Breadcrumbs | For frying Vegetable Oil,"STEP 1 Put the fish into a lidded pan and pour over enough water to cover. Bring to a simmer and gently poach for 10 minutes over a low heat with the lid on. Drain and flake the fish. STEP 2 Put the fish, potato, green chilli, coriander, cumin, black pepper, garlic and ginger in a large bowl. Season, add the rice flour, mix well and break in 1 egg. Stir the mixture and divide into 15, then form into small logs. Break the remaining eggs into a bowl and whisk lightly. Put the breadcrumbs",N/A,N/A,TheMealDB,https://www.themealdb.com/images/media/meals/a15wsa1614349126.jpg
Fish pie,900g Floury Potatoes | 2 tbsp Olive Oil | 600ml Semi-skimmed Milk | 800g White Fish Fillets | 1 tbsp Plain flour | Grating Nutmeg | 3 tbsp Double Cream | 200g Jerusalem Artichokes | 1 finely sliced Leek | 200g peeled raw Prawns | Large handful Parsley | Handful Dill | Grated zest of 1 Lemon | 25g grated Gruyère | Juice of 1 Lemon,"01.Put the potatoes in a large pan of cold salted water and bring to the boil. Lower the heat, cover, then simmer gently for 15 minutes until tender. Drain, then return to the pan over a low heat for 30 seconds to drive off any excess water. Mash with 1 tbsp olive oil, then season. 02.Meanwhile put the milk in a large sauté pan, add the fish and bring to the boil. Remove from the heat, cover and stand for 3 minutes. Remove the fish (reserving the milk) and pat dry with kitchen paper, then gentl",N/A,N/A,TheMealDB,https://www.themealdb.com/images/media/meals/ysxwuq1487323065.jpg
Air Fryer Egg Rolls,1 tablespoon Olive Oil | 1 lb Ground Pork | 1 clove peeled crushed Garlic | 1 tablespoon Ginger | 1 medium Carrots | 3 chopped Scallions | 3 Cups Cabbage | 1 tablespoon Soy Sauce | 1 tablespoon Rice Vinegar | 12 Egg Roll Wrappers | For brushing Oil | To serve Duck Sauce | To serve Plum Sauce | To serve Soy Sauce,"Alternative Pan Fry Method: If you don’t have access to an air fryer, you can make these egg rolls using a traditional pan fry method. Add enough oil to a medium skillet with high walls so the oil is about 1/2 inch up the side of the skillet. Heat oil on medium high heat until it reaches 350°F. Add egg rolls and fry for 3 to 4 minutes, flip, and fry for another 3 to 4 minutes until golden brown. Remove and let them drain and cool on a few paper towels. Cook the filling: In a large skillet ov",N/A,N/A,TheMealDB,https://www.themealdb.com/images/media/meals/grhn401765687086.jpg
Algerian Bouzgene Berber Bread with Roasted Pepper Sauce,2 Red Pepper | 4 Tomato | 1 tablespoon Olive Oil | 4 Cloves Chopped Garlic | 1 chopped Jalapeno | To taste Salt | 2 Lbs Semolina | 1 1/2 tsp Salt | 3 Cups Water | 4 tablespoons Olive Oil | 6 tablespoons Olive Oil,"Preheat your oven's broiler. Place red bell peppers and tomatoes on a baking sheet, and roast under the broiler for about 8 minutes, turning occasionally. This should blacken the skin and help it peel off more easily. Cool, then scrape the skins off of the tomatoes and peppers, and place them in a large bowl. Remove cores and seeds from the bell peppers. Heat 1 tablespoon of olive oil in a skillet over medium heat. Add the jalapenos and garlic, and cook until tender, stirring frequently. Remo",N/A,N/A,TheMealDB,https://www.themealdb.com/images/media/meals/se5vhk1764114880.jpg
Algerian Carrots,1 1/2 cup Water | 2 Lbs Carrots | 5 tablespoons Olive Oil | 1 tsp Salt | 1/2 teaspoon Black Pepper | 1/2 teaspoon Ground Cinnamon | 1/2 teaspoon Ground Cumin | 3 Cloves Crushed Garlic | 1/2 teaspoon Thyme | 1 Bay Leaf | 1 tsp Lemon Juice,"Place a steamer insert into a saucepan, and fill with 1 1/2 cups of water, or just below the bottom of the steamer. Cover, and bring the water to a boil over high heat. Add the sliced carrots, reduce the heat to medium, and cover the pan again. Steam until tender but not mushy, 4 to 6 minutes depending on the thickness of the slices. Reserve 1/2 cup of the cooking liquid. Heat the olive oil in a skillet over medium heat. Reduce the heat to low and stir in the salt, pepper, cinnamon, cumin, ga",N/A,N/A,TheMealDB,https://www.themealdb.com/images/media/meals/o2cd4r1764113576.jpg
Baba Ghanoush,4 large Egg Plants | 2 cloves Garlic | 2 teaspoons Kosher Salt | 1 Lemon | 3 tablespoons Tahini | 3 tablespoons Extra Virgin Olive Oil | 2 tablespoons Greek Yogurt | 1 pinch Cayenne Pepper | 1 Leaf Mint | 2 tablespoons Parsley,"Preheat an outdoor grill for medium-high heat and lightly oil the grate. Prick the surface of the skin of eggplants several times with the tip of a knife. Place eggplants directly on grill. Turn frequently with tongs while skin chars. Cook until eggplants have collapsed and are very soft, 25 to 30 minutes. Transfer to a bowl and cover tightly with aluminum foil and allow to cool, about 15 minutes. When eggplants are cool enough to handle, split them in half and scrape flesh into a colander",N/A,N/A,TheMealDB,https://www.themealdb.com/images/media/meals/dlmh401760524897.jpg
Blini Pancakes,1/2 cup Buckwheat | 2/3 Cup Flour | 1/2 tsp Salt | 1 tsp Yeast | 1 cup Milk | 2 tbs Butter | 1 Seperated Egg,"In a large bowl, whisk together 1/2 cup buckwheat flour, 2/3 cup all-purpose flour, 1/2 teaspoon salt, and 1 teaspoon yeast. Make a well in the center and pour in 1 cup warm milk, whisking until the batter is smooth. Cover the bowl and let the batter rise until doubled, about 1 hour. Enrich and Rest the Batter Stir 2 tablespoons melted butter and 1 egg yolk into the batter. In a separate bowl, whisk 1 egg white until stiff, but not dry. Fold the whisked egg white into the batter.",N/A,N/A,TheMealDB,https://www.themealdb.com/images/media/meals/0206h11699013358.jpg
Boulangère Potatoes,2 finely chopped Onions | sprigs of fresh Thyme | 2 tbs Olive Oil | 1.5kg Potatoes | 425g Vegetable Stock,"Heat oven to 200C/fan 180C/gas 6. Fry the onions and thyme sprigs in the oil until softened and lightly coloured (about 5 mins). Spread a layer of potatoes over the base of a 1.5-litre oiled gratin dish. Sprinkle over a few onions (see picture, above) and continue layering, finishing with a layer of potatoes. Pour over the stock and bake for 50-60 mins until the potatoes are cooked and the top is golden and crisp.",N/A,N/A,TheMealDB,https://www.themealdb.com/images/media/meals/qywups1511796761.jpg
Brie wrapped in prosciutto & brioche,375g Plain Flour | 50g Caster Sugar | 7g Yeast | 75g Milk | 3 Large Eggs | To Glaze Eggs | 180g Butter | 250g Brie | 8 slices Prosciutto,"Mix the flour, 1 tsp salt, caster sugar, yeast, milk and eggs together in a mixer using the dough attachment for 5 mins until the dough is smooth. Add the butter and mix for a further 4 mins on medium speed. Scrape the dough bowl and mix again for 1 min. Place the dough in a container, cover with cling film and leave in the fridge for at least 6 hrs before using. Wrap the Brie in the prosciutto and set aside. Turn out the dough onto a lightly floured surface. Roll into a 25cm circle. Place the",N/A,N/A,TheMealDB,https://www.themealdb.com/images/media/meals/qqpwsy1511796276.jpg
Burek,1 Packet Filo Pastry | 150g Minced Beef | 150g Onion | 40g Oil | Dash Salt | Dash Pepper,"Fry the finely chopped onions and minced meat in oil. Add the salt and pepper. Grease a round baking tray and put a layer of pastry in it. Cover with a thin layer of filling and cover this with another layer of filo pastry which must be well coated in oil. Put another layer of filling and cover with pastry. When you have five or six layers, cover with filo pastry, bake at 200ºC/392ºF for half an hour and cut in quarters and serve.",N/A,N/A,TheMealDB,https://www.themealdb.com/images/media/meals/tkxquw1628771028.jpg
Cacik,500g Natural Yoghurt | 2 tsp Lemon Juice | 1 tablespoon Extra Virgin Olive Oil | 1 tablespoon Dried Mint | 1 Cucumber | 2 cloves minced Garlic,"step 1 Put a sieve over a large bowl, line it with a thick sheet of non-dyed kitchen paper or a clean muslin cloth, and spoon in the yogurt. Cover with another sheet of kitchen paper and leave to strain in the fridge for a minimum of 12 hrs. step 2 Add the lemon juice, most of the olive oil and the dried mint to a bowl and stir well for the dried mint to soften and soak up the juices. Mix in the strained yogurt, then pour away the strained yogurt liquid and leave that bowl to one side. s",N/A,N/A,TheMealDB,https://www.themealdb.com/images/media/meals/16zbeu1763789342.jpg
Callaloo and SaltFish,1/2 lb Salt Cod | 4 Bacon | 525g Callaloo | 1 chopped Onion | 2 chopped Spring Onions | 2 cloves minced Garlic | 1 chopped Scotch Bonnet | 2 chopped Plum Tomatoes | 2 sprigs Thyme | 1/4 tsp Black Pepper,"Soak salted fish in water overnight. Next, heat salted fish in water on stove until water boils. You should see a foam on top. Remove from heat and drain. Set aside and shred salted fish once it cools. Cook bacon in skillet over medium heat until crispy. Remove bacon from heat and drain the majority of the bacon grease, leaving about 1 tablespoon in the skillet. Add yellow onion, green onion, scotch bonnet pepper, and garlic to the skillet and stir. Cook for about 2 minutes or until onions so",N/A,N/A,TheMealDB,https://www.themealdb.com/images/media/meals/73o3vq1765317873.jpg
Ajo blanco,150g White bread | 200g Almonds | 50 ml Extra Virgin Olive Oil | 1 Garlic Clove | 1 ½ tbsp Red Wine Vinegar,"step 1 Tip the bread into a bowl and pour over 350ml water. Leave to soak for 10 mins. step 2 Blend the ingredients together with 350ml water and 1 tsp salt. step 3 Let the soup cool in the fridge for 1 hr or so, then serve with a drizzle of oil and some black pepper.",N/A,N/A,TheMealDB,https://www.themealdb.com/images/media/meals/5jdtie1763289302.jpg
Broccoli & Stilton soup,2 tblsp Rapeseed Oil | 1 finely chopped Onion | 1 Celery | 1 sliced Leek | 1 medium Potatoes | 1 knob Butter | 1 litre hot Vegetable Stock | 1 Head chopped Broccoli | 140g Stilton Cheese,"Heat the rapeseed oil in a large saucepan and then add the onions. Cook on a medium heat until soft. Add a splash of water if the onions start to catch. Add the celery, leek, potato and a knob of butter. Stir until melted, then cover with a lid. Allow to sweat for 5 minutes. Remove the lid. Pour in the stock and add any chunky bits of broccoli stalk. Cook for 10 – 15 minutes until all the vegetables are soft. Add the rest of the broccoli and cook for a further 5 minutes. Carefully trans",N/A,N/A,TheMealDB,https://www.themealdb.com/images/media/meals/tvvxpv1511191952.jpg
Clam chowder,1½ kg Clams | 50g Butter | 150g Bacon | 1 finely chopped Onion | sprigs of fresh Thyme | 1 Bay Leaf | 1 tbls Plain Flour | 150ml Milk | 150ml Double Cream | 2 medium Potatoes | Chopped Parsley,"Rinse the clams in several changes of cold water and drain well. Tip the clams into a large pan with 500ml of water. Cover, bring to the boil and simmer for 2 mins until the clams have just opened. Tip the contents of the pan into a colander over a bowl to catch the clam stock. When cool enough to handle, remove the clams from their shells – reserving a handful of empty shells for presentation if you want. Strain the clam stock into a jug, leaving any grit in the bottom of the bowl. You should h",N/A,N/A,TheMealDB,https://www.themealdb.com/images/media/meals/rvtvuw1511190488.jpg
Cream Cheese Tart,250g Flour | 125g Butter | 1 Egg | Pinch Salt | 300g Cheese | 100ml milk Milk | 3 Eggs | 100g Parmesan Cheese | 350g Plum tomatoes | 3tbsp White Vinegar | 1 tbsp Honey | Topping Basil,"Crust: make a dough from 250g flour (I like mixing different flours like plain and wholegrain spelt flour), 125g butter, 1 egg and a pinch of salt, press it into a tart form and place it in the fridge. Filling: stir 300g cream cheese and 100ml milk until smooth, add in 3 eggs, 100g grated parmesan cheese and season with salt, pepper and nutmeg. Take the crust out of the fridge and prick the bottom with a fork. Pour in the filling and bake at 175 degrees C for about 25 minutes. Cover the tart wit",N/A,N/A,TheMealDB,https://www.themealdb.com/images/media/meals/wurrux1468416624.jpg
Creamy Tomato Soup,3 tbsp Olive Oil | 2 chopped Onions | 2 sticks Celery | 300g Carrots | 500g Potatoes | 4 Bay Leaf | 5 tblsp Tomato Puree | 2 tblsp Sugar | 2 tblsp White Vinegar | 1½ kg Chopped Tomatoes | 500g Passata | 3 Vegetable Stock Cube | 400ml Whole Milk,"Put the oil, onions, celery, carrots, potatoes and bay leaves in a big casserole dish, or two saucepans. Fry gently until the onions are softened – about 10-15 mins. Fill the kettle and boil it. Stir in the tomato purée, sugar, vinegar, chopped tomatoes and passata, then crumble in the stock cubes. Add 1 litre boiling water and bring to a simmer. Cover and simmer for 15 mins until the potato is tender, then remove the bay leaves. Purée with a stick blender (or ladle into a blender in batches) u",N/A,N/A,TheMealDB,https://www.themealdb.com/images/media/meals/stpuws1511191310.jpg
Quick gazpacho,250g Passata | 1 chopped Red Pepper | 1 chopped Red Chilli | 1 clove peeled crushed Garlic | 1 teaspoon Sherry vinegar | Juice of 1/2 Lime,"step 1 In a blender (or with a stick blender), whizz together the passata, red pepper, chilli, garlic, sherry vinegar and lime juice until smooth. Season to taste, then serve with ice cubes",N/A,N/A,TheMealDB,https://www.themealdb.com/images/media/meals/h5qmn31763304965.jpg
